filename,caption,posted,timestamp
Post (1).jpg,"Eyes of the wild - fierce, free, and untamed. ",True,2025-04-30 22:19:36
Post (2).jpg,"Grace in every step, power in every move. ",True,2025-04-30 22:29:33
Post (3).jpg,My Schedule Post Test3,True,2025-04-30 22:36:16
Post (4).jpg,Not all kings wear crowns.,True,2025-04-30 22:46:43
Post (5).jpg,Witnessing the wild one frame at a time.,False,
Post (6).jpg,"Grace in every step, power in every move. ",False,
Post (7).jpg,Wild Live Photography,False,
Post (8).jpg,Wild Live Photography,False,
Post (9).jpg,Wild Live Photography,False,
Post (10).jpg,Wild Live Photography,False,
Post (11).jpg,Wild Live Photography,False,
Post (12).jpg,Wild Live Photography,False,
Post (13).jpg,Wild Live Photography,False,
Post (14).jpg,Wild Live Photography,False,
Post (15).jpg,Wild Live Photography,False,
Post (16).jpg,Wild Live Photography,False,
Post (17).jpg,Wild Live Photography,False,
Post (18).jpg,Wild Live Photography,False,
Post (19).jpg,Wild Live Photography,False,
Post (20).jpg,Wild Live Photography,False,
Post (21).jpg,Wild Live Photography,False,
Post (22).jpg,Wild Live Photography,False,
